Title,Description,URL
Saha Green Energy Thai,,https://www.youtube.com/watch?v=XDeVhm-hZPY
HSBC Supports Green Energy Expansion in Thailand: A Sustainable Future,"HSBC takes a green step forward by partnering with leading renewable energy provider, Constand Energy, to expand solar ...",https://www.youtube.com/watch?v=b3Uv4BPFbi4
Thailand: Renewable Energy Revolution,"Thailand is on a mission to slash emissions and ramp up renewable energy. But with fossil fuels still dominating, the road ahead ...",https://www.youtube.com/watch?v=PzTcw5hb6EA
เปิดสูตรสำเร็จ EA ขับเคลื่อน Green Energy,"""กรุงเทพธุรกิจ"" จัดสัมมนา Go Green 2024 : The Ambition of Thailand "" ร่วมเปลี่ยนความท้าทายเป็นโอกาสสำหรับประเทศไทย""เมื่อวันที่ 25 เม ...",https://www.youtube.com/watch?v=cWW7fzimlkA
Ship to Thailand! #solar #solarpanels #greenenergy #solarinstallers,,https://www.youtube.com/watch?v=8dT6MKLaZMc
Renewable Energy Certificates (RECs) คืออะไร รู้จักกับใบรับรองพลังงานสะอาด | REC Thailand,Renewable Energy Certificate หรือ REC คืออะไร ทำไมหลายๆ องค์กรถึงให้ความสนใจเป็นอย่างมากในช่วงหลัง คลิปนี้ REC Thailand ...,https://www.youtube.com/watch?v=-0M7F-JJHmo
Thailand’s Biggest Coal Producer on Green Energy Transition,"Somruedee Chaimongkol, CEO of Banpu Public Company, discusses how Thailand's largest coal producer is shifting its business ...",https://www.youtube.com/watch?v=j48Ydofhn5w
Mahidol University with green energy,APAC #FusionSolar #greenenergy #Solar #MakingtheMostofEveryRay.,https://www.youtube.com/watch?v=QaL-VZ1LiJk
GULF – AIS – สวพส. เดินหน้าสานต่อภารกิจ Green Energy Green Network for THAIs ปี 2,เจาะลึกทั่วไทย Inside Thailand เล่าข่าวเจาะประเด็นโดย ดนัย เอกมหาสวัสดิ์ / อมรรัตน์ มหิทธิรุกข์ คุยข่าวได้ที่ Line : @insidethailand ชมสด ...,https://www.youtube.com/watch?v=vrOSPmlFUgA
GLOBALink | Green power plant highlights Thailand&#39;s move toward low-carbon society,A hydro-floating solar project in northeastern Thailand co-developed by a Chinese company has brought more than green energy ...,https://www.youtube.com/watch?v=RXi81dWFTRs
UMI GREEN ENERGY (THAILAND) invites you to join ASEE 2026 in Thailand!,"Breaking News! / ข่าวใหญ่! UMI GREEN ENERGY (THAILAND) CO., LTD will make a grand debut at the ASEAN Smart Energy ...",https://www.youtube.com/watch?v=8KlT3VDYYew
“GULF” เดินหน้าภารกิจ “Green Energy Green Network for THAIs” ปี 2 นำร่อง จ.เชียงใหม่,เจาะลึกทั่วไทย Inside Thailand เล่าข่าวเจาะประเด็นโดย ดนัย เอกมหาสวัสดิ์ / อมรรัตน์ มหิทธิรุกข์ คุยข่าวได้ที่ Line : @insidethailand ชมสด ...,https://www.youtube.com/watch?v=QwCzEsvCglI
Natha “Gift” Tritrakulchai on Propelling Circular Green Energy Group PCL into the Future,"A vision shaped by innovation and purpose sits at the heart of Thailand's green shift. In this exclusive interview with Prestige, ...",https://www.youtube.com/watch?v=gg-32T0mm4E
GLOBALink | Chinese wind turbines fuel Thailand&#39;s green transformation,"In Thailand's northeastern Chaiyaphum province, 32 wind turbines made by a Chinese company are sending power to the local ...",https://www.youtube.com/watch?v=WiweyAxsSOg
Green Energy หุ้นเขียวเหนี่ยวทรัพย์ - Money Chat Thailand : กวี ชูกิจเกษม,Green Energy หุ้นเขียวเหนี่ยวทรัพย์ - Money Chat Thailand แขกรับเชิญ กวี ชูกิจเกษม Head of Research and Content บริษัทหลักทรัพย์ ...,https://www.youtube.com/watch?v=P-O72GRBrdo
Hitachi Energy ขับเคลื่อนพลังงานสีเขียว,Hitachi Energy ขับเคลื่อนประเทศไทยสู่อนาคตพลังงานสะอาด ด้วยเทคโนโลยีอัจฉริยะที่ผสานพลังงานดิจิทัล ระบบอัตโนมัติ และ AI ...,https://www.youtube.com/watch?v=IqYDt0p6D3U
สูบน้ำใช้ฟรี ด้วยแสงอาทิตย์ โดย Doctor Green Energy (Thailand),อุปกรณ์ ที่ใช้ในการสูบน้ำด้วยพลังงานแสงอาทิตย์ เป็นการสูบน้ำแบบประหยัดสูงสุด ขอทราบข้อมูลเพิ่มเติมได้ที่ www.greengad.com หรือ ที่ ...,https://www.youtube.com/watch?v=z21q269YKDQ
Energreen Asia | Solar cell Thailand - Renewable green energy,"AGE Terminal , Ayutthaya. Thailand 230.4 kWp, an example of how a company switching to green. www.energreenasia.com.",https://www.youtube.com/watch?v=NfvP58pAOW8
&#39;บางจาก&#39; เคลื่อน Green Energy Climate tech สร้างสมดุล &#39;โลก&#39;,"""บางจาก คอร์ปอเรชั่น"" ร่วมเวทีสัมมนา Go Green 2024:The Ambition of Thailand“ ร่วมเปลี่ยนความท้าทายเป็นโอกาสสำหรับประเทศไทย” ...",https://www.youtube.com/watch?v=Q8cpDMp3l-Y
Asean Go Green - Solar power energy -- renewable energy (Thailand),"Solar power energy -- renewable energy Interview Phongchai Chaichirawiwat Exec. Vice President, renewable Energy Business, ...",https://www.youtube.com/watch?v=ySndF7WF3n8
Green Energy Division,Green Energy Division of Polytechnology Thailand.,https://www.youtube.com/watch?v=eyAvt4dv65w
Green Energy Green Network for Thais,"AIS provide the access to internet and digital infrastructure to Thailand's remote highlands, enhancing quality of life, by expanding ...",https://www.youtube.com/watch?v=5go3jgekyhM
Chinese wind turbines fuel Thailand&#39;s green transformation #thailand #windturbines #energy #green,"For more info about me ----- Based in Shanghai, we follow the latest polices and trend, and explores detailed stories on doing ...",https://www.youtube.com/watch?v=c_RJQmTJRTk
Thailand makes green push with floating hydro-solar power project | AFP,"A vast array of solar panels floats on the shimmering waters of a reservoir in northeast Thailand, symbolising the kingdom's drive ...",https://www.youtube.com/watch?v=9273oBMVkVY
เพาเวอร์แบงค์ ใช้น้ำผลิตไฟ โดย  Doctor Green Energy (Thailand),"PowerTrekk เซลล์เชื้อเพลิงแบบเติมน้ำ ใช้ชาร์จมือถือสำหรับชาร์จอุปกรณ์ เช่น โทรศัพท์มมือถือ, สมาร์ทโฟน, GPS, iPod, action camera, ฯลฯ ...",https://www.youtube.com/watch?v=JcvHnWkQRhg
Solar Power. Living Off Grid In Thailand 🇹🇭,,https://www.youtube.com/watch?v=dL5s7AKRB8A
Solar Powered in Thailand,100% Solar Powered House Off-Grid Build in Thailand.,https://www.youtube.com/watch?v=BHf4EEy_LeI
Stats about our 5 kWp solar panels in Thailand after 4 years,"Get 10 % discount on S3XY buttons, knob and stalks for Tesla: ...",https://www.youtube.com/watch?v=inRHzBx6ziU
Thailand close to completing huge floating solar farm,"Thailand is close to completing one the world's biggest hydro-floating solar hybrid projects on the surface of a dam, part of steps ...",https://www.youtube.com/watch?v=Q5MEKp8zdEU
Meet One of the Largest Floating Solar Projects in Thailand,"Meet one of the largest floating solar projects in Thailand! The Siam Tara Floating #Solar is located in Prachin Buri, with a total ...",https://www.youtube.com/watch?v=E6XpYVj22KM
Installing floating solar photovoltaics: Collecting electricity,Installing floating solar photovoltaics: Collecting electricity.,https://www.youtube.com/watch?v=qT42vtVXHjM
Solar Rooftop พลังงานแห่งอนาคตบนหลังคา พลิกโฉมไทยสู่ความยั่งยืน | THE STANDARD WEALTH,THE STANDARD WEALTH ชวนไปหาคำตอบว่า ทำไม Solar Rooftop คือ การลงทุนด้านพลังงานสะอาดที่คุ้มค่า ...,https://www.youtube.com/watch?v=xT8FAET7OBA
"Can You Really Go Fully Off-Grid with Solar Power in Thailand? | Costs, Setup &amp; Energy Independence",Thinking about going fully off-grid in Thailand? This video explains how you can achieve complete energy independence ...,https://www.youtube.com/watch?v=g-E7aBGtDrk
How China Clean Millions Of Solar Panels In Desert,How China Clean Millions Of Solar Panels In Desert . . Please contact me via Email: farhad.ayoubi009@gmail.com for any ...,https://www.youtube.com/watch?v=GwMvGU5uKXE
Thailand builds a massive floating hydro-solar farm,"Thailand is close to completing one the world's biggest hydro-floating solar hybrid farms on the surface of a dam, part of steps ...",https://www.youtube.com/watch?v=5Gu_VVAFSHg
1.1kW Solar Surface Water Pump System in Thailand,"In September 2024, the SIVC26-15-72-1100 BLDC solar water pump system was successfully installed for agricultural irrigation in ...",https://www.youtube.com/watch?v=MaELIhPy_ck
how to install solar panels at home #solarpanel #solarsystem #solar #solarpower,,https://www.youtube.com/watch?v=-0vb6-7lOWw
"Thailand Solar company, Khon Kaen Thailand, English Speaking Owner",HiSolar Green Energy Co Ltd kebtawansolarcell.com kebtawan.solarcell@gmail.com 081 853 1599 Located at the entrance to ...,https://www.youtube.com/watch?v=lzHJfhqyOhA
Thailand close to completing world&#39;s biggest hydro-floating solar farm,"Thailand is close to completing one the world's biggest hydro-floating solar hybrid projects on the surface of a dam, part of steps ...",https://www.youtube.com/watch?v=KzaIvAyCMlk
Worlds Largest Solar Panel Farm | Powers 150k+ Homes!,This solar farm is the largest in the world. #shorts #sustainability #electricity #meme.,https://www.youtube.com/watch?v=D0es6oHDa2o
Solar Panel Installation,Solar panel installation and mounitng on a factory roof by the team at Craven Energies.,https://www.youtube.com/watch?v=ACxJgM6runM
Thai Solar Power - Solar Solutions Made Easy!,"Whether your needs are big or small, we have the solar solutions to fit. Thai Solar Power provides solar power solutions for ...",https://www.youtube.com/watch?v=CIB5gS0LRJ0
Full Charge in 2 Hours?! ☀️⚡ Meet the AC70 Solar Power Beast!,"Sunlight is limitless—so why wait to power up? With a blazing-fast 500W solar input, the AC70 portable power station harnesses ...",https://www.youtube.com/watch?v=ahsgvW8M4cA
"Solar &amp; Storage Live Thailand 2025.26 - 27 February .Venue: H40, Hall EH 98, BITEC, Bangkok","We are attending Thailand Solar Exhibition today. Solar & Storage Live Thailand 2025 Time: 26 - 27 February Venue: H40, Hall ...",https://www.youtube.com/watch?v=jlRg1pyddYI
Thailand Solar Power,Thailand Solar Power.,https://www.youtube.com/watch?v=w6V-B_t55q4
Thai Solar Power,"Specialists in solar power installation and maintenance. Based in Bangkok, we serve homes + businesses throughout Thailand.",https://www.youtube.com/watch?v=undefined
🆕Thailand Solar Payback Time Thailand Solar Power Official Video,Thailand Solar Payback Time check out: this video The video is presenting Thailand Solar Payback Time -Thailand solar power is ...,https://www.youtube.com/watch?v=PH7C3phxu8s
Thai company lightups Vietnam with solar power | The Nation,Thai company sees promising opportunities in renewable businesses in Vietnam as the Vietnamese government committed to ...,https://www.youtube.com/watch?v=aB4YnG-VZkM
Success Story |   Visiting One of Thailand&#39;s Largest Solar Farms,"With temperatures over 50°C in summer, how do solar power systems operate effectively in Thailand's extreme weather?",https://www.youtube.com/watch?v=L1SWEnd8Yy4
"Cost to install a fully off-grid solar system on our Thai house, part 1","Join me on my Thailand adventure as I attempt to create a fruit farm on five acres of land, build a house, dig a well for my own ...",https://www.youtube.com/watch?v=7Ogg0y3m-VE
Theparak Wind Farm - Thailand,"Working alongside GE Renewable Energy, Freightplus transported and erected a number of MW Onshore Wind Turbine Platforms ...",https://www.youtube.com/watch?v=JIUd3Euv15Y
ZOOMLION’s LW2800-200NA Supports Chaiyaphum Wind Farm in Thailand,"ZOOMLIONGlobal ZOOMLION's LW2800-200NA wind turbine tower crane makes a powerful, wind-chasing debut at the ...",https://www.youtube.com/watch?v=CSIg_qSYdKo
Construction of the Largest Wind Farm in Southeast Asia,150MW BURGOS WIND FARM EDC Wind Power Corporation A timelapse documentation prepared for Energy Development ...,https://www.youtube.com/watch?v=b7_ix42ghCQ
Time lapse  Wind Turbine KhaoKho Thailand.,Wind Turbine in Lower North of Thailand.(Phetchabun.),https://www.youtube.com/watch?v=Khci_h7ppPA
"Time-lapse wind turbine generator, Eco Power in Thailand","Time-lapse wind generator, Eco Power in Thailand.",https://www.youtube.com/watch?v=sX1RtxEo7QA
Kroll wind farm projects in Thailand,,https://www.youtube.com/watch?v=0KNmSekk7F0
Wind Farm Korat Thailand,Wind Energy.,https://www.youtube.com/watch?v=sj656kFZWrM
Lam Takhong Wind Turbine Park in Nakhon Ratchasima in Thailand 🇹🇭 ,"Giant Wind Turbines of Lam Takhong! 🌬️  "" ""Discover Thailand's pioneering Lam Takhong Wind Turbine Park in Nakhon ...",https://www.youtube.com/watch?v=-oNUs4bUtP4
"Wind turbine at Yai Thiang Mountain, Thailand.",,https://www.youtube.com/watch?v=edA02TX2eo0
EGAT Wind Power 2 Pakchong Thailand,,https://www.youtube.com/watch?v=d9BwHlYYlG0
"Wind Turbines at Khao Kho Wind Farm, Phetchabun, Thailand. #shorts #thailand #windturbine",,https://www.youtube.com/watch?v=91EoJqKKIJc
wind turbine in thailand,,https://www.youtube.com/watch?v=zx082I8Fouc
Genius RidgeBlade Home Wind Turbine Beats Solar Panels by 220%,"This is the Ridge Blade home wind turbine, a revolutionary wind turbine to harness #rooftopwindenergy at home. It is designed by ...",https://www.youtube.com/watch?v=y2hg6mxX76Y
Huai Bong Wind Farm Thailand,Huai Bong Wind Farm. The Owl Coffee Shop at the Wind Farm is a great rest stop and offers a fantastic view over the Wind Farm.,https://www.youtube.com/watch?v=zBRdVYk7tlc
"Wind farm in Mukdahan, Thailand",,https://www.youtube.com/watch?v=cnbueig1LAs
"#92. Shorts. Huay Bong wind farm, Thailand.","Huay Bong wind farm, Thailand.",https://www.youtube.com/watch?v=wDOKIAATARU
Thailand Turbin Wind Power,,https://www.youtube.com/watch?v=blsJgpn7O4E
WINDFARM BUILDING IN THAILAND,"Corporate Video produced by Spirit Cinevideo Thailand, for a huge wind farm project in Thailand. See more on the website of ...",https://www.youtube.com/watch?v=_6n3swzLg6c
"พลังงานลมที่เลี้ยงได้ 1,000,000 ครัวเรือน - ทัศนศึกษา [ENG SUB]",กดติดตามหรือกดกระดิ่งด้วยนะ จะได้ไม่พลาดคลิปใหม่ๆ ของพวกเรา https://goo.gl/XFHb05 หรือจะมาติดตามพวกเราที่แฟนเพจก็ได้นะ FB ...,https://www.youtube.com/watch?v=Mixj4ozWKVU
Exploring  Giant Wind Farm in Thailand,"Khao Kho Wind Farm in Phetchabun Province, Thailand, is a key renewable energy project that combines modern technology ...",https://www.youtube.com/watch?v=6SqQhARjwYg
"Wind Turbine. Petchaboon, Thailand","Wind Turbine. Petchaboon, Thailand 4-5 September 2561 #RayongDroneHi.",https://www.youtube.com/watch?v=o1PuSqvQurA
Windmill🌬️ 🎡 On Fire 🔥 ।। Wind Power ।। #nature #trending #shorts #nature_gallery #viral,,https://www.youtube.com/watch?v=0i5PHOcfKbc
Wind turbine in Thailand,,https://www.youtube.com/watch?v=MIoLtl7-GGk
Wind Power Comes to Petchabun,"Petchabun province, known as the “Switzerland of Thailand” for its lush, mountainous terrain and mild temperatures, is home to ...",https://www.youtube.com/watch?v=9u3dIOh64y8
The wind that changes lives,Asia's highest wind turbines commence operation in Thailand! Vestas delivered customised technological solutions to ...,https://www.youtube.com/watch?v=brFBYAHfdYU
high RPM hydro power,you can watch the full video while we assemble the water wheel parts here's the link ...,https://www.youtube.com/watch?v=Ve9o37VO-4Y
Hydroelectric power plant Animation,"This is an example of an animation done as part of the development of an E-Learning Platform for a client. Free for education use, ...",https://www.youtube.com/watch?v=j_JL-Z__h6Q
Construction of 220V mini hydroelectric power plant #mini #diy #theothersideofmakebelieve,"MiniConstruction #ScienceProject #construction #dam #Mini #Hydroelectric Great, thank you all for watching my video. Please ...",https://www.youtube.com/watch?v=Ekl9MYGZPjQ
💧 How Dams Make Electricity ⚡ | Hydroelectric Generator Explained!,"Ever wondered how flowing water can power your home? In this short video, discover how hydroelectric generators turn the force ...",https://www.youtube.com/watch?v=iGH5_6i8ya8
TOP 5 Biggest Hydroelectric Power Plants in the World 2023,,https://www.youtube.com/watch?v=-5AvgTb3w3Q
Home made pelton turbine engineering model..,This is the best project for engineering students...,https://www.youtube.com/watch?v=xhlC39JkA-E
pump storage hedro electric power plant #greenenergy #hydroelectric #physics #power #energy_hack,,https://www.youtube.com/watch?v=UN-Jqr24DaU
Water electric generator #motor #project #electric project #generator,Welcome friend my YouTube channel Hydropower is a source of energy that is generated by natural water streams or rivers ...,https://www.youtube.com/watch?v=tYA0GMh6-nA
Very Simple Hydroelectric Dam ⚡ Free Energy DIY,"In this video, we build a very simple hydroelectric generator that produces free electricity from water flow! This small DIY project ...",https://www.youtube.com/watch?v=gG__F2j67FQ
DIY Micro Hydro Power Plant: How to Harness Stream Energy for Electricity #renewableenergy,"Discover the power of water with our DIY Micro Hydro Power Plant! In this short, we'll take you through the steps to harness stream ...",https://www.youtube.com/watch?v=PuzeBV6sp4s
The Biggest Hydroelectric Dam in Thailand,A short clip from my travels around Thailand. This is my first video but I hope to upload more.,https://www.youtube.com/watch?v=i9YNEb2SL6A
Top 10 Biggest Hydroelectric Power Plants in the World,Top 10 Biggest Hydroelectric Power Plants in the World 10. Longtan 9. Sayano-Shushenskaya 8. Xiangjiaba 7. Grand Coulee 6.,https://www.youtube.com/watch?v=yxxKpWvfE2o
hydroelectric power plant | Francis turbine | free energy | water turbine,hydroelectric power plant | Francis turbine | free energy | water turbine #turbine #francisturbine #hydropower #freeenergy.,https://www.youtube.com/watch?v=YwGIIcqTPCQ
✅Mini HYDROELECTRIC power station on a stream from a HOVERBOARD ⚡️Pelton turbine on a 3D printer⚡️,Support us - https://www.patreon.com/kreosan ▻ Support us ...,https://www.youtube.com/watch?v=WWl7qGhyN2c
Hydropower 101,Hydropower or hydroelectricity refers to the conversion of energy from flowing water into electricity. Learn more about hydropower ...,https://www.youtube.com/watch?v=q8HmRLCgDAI
How to make hydro powerplant working model #shorts #shortvideo #short #hydropower #diy,How to make hydro powerplant working model #shorts #shortvideo #short #hydropower #diy Hydroelectric power plant science ...,https://www.youtube.com/watch?v=khp52KuYqtk
water Turbin #newproject#shorts# #construction #greenenergy #renewableenergy #freeenergy,"newproject #freeenergy #dieselengine #petrol #electricity #viralvideo #new amazing water turbine provide free electricity, free ...",https://www.youtube.com/watch?v=SBfJwtQ93oI
22JUL10 THAILAND ; Let&#39;s Watch The Former World&#39;s Largest Hydroelectric Power Plant at Rjukan Norway for 100 Years ago with the 4 Naval Songs,,https://www.youtube.com/watch?v=2iep9_zr8ZA
Amazing Water Turbine Technologies - Hydroelectric power Productions Water Rotatory Energy,Amazing Water Turbine Technologies - Hydroelectric power Productions Water Rotatory Energy. Subscribe ...,https://www.youtube.com/watch?v=WJmzQKd_8sY
Free Enargy Water Turbine #ramcharan110 #shorts_videos#fountain,Free Enargy Water Turbine #ramcharan110 #shorts_videos #fountain #water_turbine.,https://www.youtube.com/watch?v=oLAgvBn_MNw
How electricity is produced in Dam | hydropower plant working animation | testified technology,How electricity is produced in Dam | hydropower plant working animation | testified technology hydropower electricity generator ...,https://www.youtube.com/watch?v=6fCL7_kbuxc
Owuh F50 Micro-hydro DC Water Flow Pump Turbine Hydroelectric Power Energy Generator,,https://www.youtube.com/watch?v=fELy2od6d1Y
Lifetime Water Turbine Free Generator #shortsvideo #experiment #shortsfeed #generator #freeenergy,,https://www.youtube.com/watch?v=3n0KSxcsDaI
DIY Hydroelectric Generator from Nature for Off-Grid Power &amp; Water! ⚡🌊,inventions #gadget #gadgets #diyproject #engineering We advise adult supervision and care at all times. This video is made for ...,https://www.youtube.com/watch?v=uyIXu6R6Awg
My Thesis Defense | Thailand Bioenergy Supply Chain,"Finally, the thesis defense of my MSc., ""Bioenergy Supply Chain Simulation and Improvement based on Thailand Alternative ...",https://www.youtube.com/watch?v=_BJjZ1llZlc
WKB8001_WAKi Multi Functional Bio Energy- π water system_ (Thai),เครื่องกรองน้ำวากิ ไบโอเอ็นเนอร์ยี – พาย และระบบน้ำร้อน เป็นเครื่องดูแลสุขภาพที่ทำงานหลายฟังก์ชั่น ซึ่งประดิษฐ์ในประเทศเกาหลี ...,https://www.youtube.com/watch?v=WMWwn6di5ZY
REVOLUTIONIZING ENERGY: Reliance 22 TPD CBG Plant in 3D! Created by GRUNER RENEWABLE ENERGY🔋🌱,Welcome to the future of sustainable energy! Dive into the cutting-edge world of Reliance's 22 TPD CBG (Compressed Biogas) ...,https://www.youtube.com/watch?v=KSoQ7Qv5e6U
OlyLife TERA-P9OTERAHERTZ/PEMF THERAPY DEVICE #olylife #terahertz #therapy,,https://www.youtube.com/watch?v=k6PmbYUsCCA
Thai SynBio Forum | วงในชีววิทยาเหนือธรรมชาติ EP.02 Bioenergy and Circular Economy,SynBio Consortium ขอเชิญทุกท่านรับชม EP.02: Bioenergy and Circular Economy ตอนที่พาคุณไปสำรวจโลกของ ชีววิทยาสังเคราะห์ ...,https://www.youtube.com/watch?v=44DBQQ3CwBE
4 Years 💚 Our Biogas Plant 💚 #safeguardentertainments #safeguarddwarfcowfarm #safeguardflavours,Biogas.,https://www.youtube.com/watch?v=fD3CrflRGcQ
EXPO 2017: Thailand will showcase itself as leader in bioenergy,Thailand will showcase itself as leader in bioenergy and at the same time as an attractive tourist destination.,https://www.youtube.com/watch?v=rlLUVjNXo8s
biomass burning pellet machine,biomass burning pellet machine #Granulator #biomass pellet machine Whatsapp:+86-19903718655 / E: brady@sinoaladdin.com.,https://www.youtube.com/watch?v=RzKeUwy-HH0
ศักยภาพและอนาคต ของอุตสาหกรรมพลังงาน และอุตสาหกรรมเคมีชีวภาพในประเทศไทย (4/8),"การสัมมนาเรื่อง ""ศักยภาพและอนาคตของอุตสาหกรรมพลังงานและอุตสาหกรรมเคมีชีวภาพในประเทศไทย (Potential and Trend of Bioenergy ...",https://www.youtube.com/watch?v=Cf3AbFVkPf4
โรงผลิตกระแสไฟฟ้า พลังงานชีวมวล#ภูเก็ต,,https://www.youtube.com/watch?v=xj6pcvuCRIs
"Bio-oil produced by biomass fast pyrolysis at Mahasarakham University, Thailand",This is bio-oil sample produced from fast pyrolysis of biomass in a fluidized bed reactor at the Bio-Energy and Renewable ...,https://www.youtube.com/watch?v=CURuyW7ntfc
Biofuels Production by Country 2023,Biofuels Production by Country 2023.,https://www.youtube.com/watch?v=w5rB657ElPU
ศักยภาพและอนาคต ของอุตสาหกรรมพลังงาน และอุตสาหกรรมเคมีชีวภาพในประเทศไทย (3/8),"การสัมมนาเรื่อง ""ศักยภาพและอนาคตของอุตสาหกรรมพลังงานและอุตสาหกรรมเคมีชีวภาพในประเทศไทย (Potential and Trend of Bioenergy ...",https://www.youtube.com/watch?v=Yhgdsf6B85A
ศักยภาพและอนาคต ของอุตสาหกรรมพลังงาน และอุตสาหกรรมเคมีชีวภาพในประเทศไทย (8/8),"การสัมมนาเรื่อง ""ศักยภาพและอนาคตของอุตสาหกรรมพลังงานและอุตสาหกรรมเคมีชีวภาพในประเทศไทย (Potential and Trend of Bioenergy ...",https://www.youtube.com/watch?v=IHq6FwfJlKA
ศักยภาพและอนาคต ของอุตสาหกรรมพลังงาน และอุตสาหกรรมเคมีชีวภาพในประเทศไทย (5/8),"การสัมมนาเรื่อง ""ศักยภาพและอนาคตของอุตสาหกรรมพลังงานและอุตสาหกรรมเคมีชีวภาพในประเทศไทย (Potential and Trend of Bioenergy ...",https://www.youtube.com/watch?v=er1N5sfSOOw
น้ำมันปาล์มหลบไป เพราะน้ำมันสาหร่ายกำลังมาแรง ‼️🌱,น้ำมันปาล์มหลบไป เพราะน้ำมันสาหร่ายกำลังมาแรง ‼️   . เพาะสาหร่ายแค่ 2.5 ไร่ สามารถผลิตน้ำมันได้ถึง 34000 ลิตร แถมโตไว ...,https://www.youtube.com/watch?v=iTgEe15divQ
how to make wood chips? how to crush timber?20t per hour drum wood chipper/#biomassfuel #bioenergy,"SHANDONG LONGZE MECHANICAL EQUIPMENT CO.,LTD Jerry Wang (General Manager) WhatApp,Wechat: ...",https://www.youtube.com/watch?v=pJ6HbQAWwg4
ศักยภาพและอนาคต ของอุตสาหกรรมพลังงาน และอุตสาหกรรมเคมีชีวภาพในประเทศไทย (1/8),"การสัมมนาเรื่อง ""ศักยภาพและอนาคตของอุตสาหกรรมพลังงานและอุตสาหกรรมเคมีชีวภาพในประเทศไทย (Potential and Trend of Bioenergy ...",https://www.youtube.com/watch?v=wXfp-hBG1NY
ศักยภาพและอนาคต ของอุตสาหกรรมพลังงาน และอุตสาหกรรมเคมีชีวภาพในประเทศไทย (6/8),"การสัมมนาเรื่อง ""ศักยภาพและอนาคตของอุตสาหกรรมพลังงานและอุตสาหกรรมเคมีชีวภาพในประเทศไทย (Potential and Trend of Bioenergy ...",https://www.youtube.com/watch?v=JHLZv3qaCLM
The Problem with Biofuels,Get a year of both Nebula and Curiosity Stream for just 14.79 here: http://www.CuriosityStream.com/realengineering and using the ...,https://www.youtube.com/watch?v=OpEB6hCpIGM
พลังงาน ปลื้ม Thailand Pavilion ทะลุเป้า,พลเอกอนันตพร กาญจนรัตน์ รัฐมนตรีว่าการกระทรวงพลังงาน ...,https://www.youtube.com/watch?v=6Etng6szClk
ศักยภาพและอนาคต ของอุตสาหกรรมพลังงาน และอุตสาหกรรมเคมีชีวภาพในประเทศไทย (2/8),"การสัมมนาเรื่อง ""ศักยภาพและอนาคตของอุตสาหกรรมพลังงานและอุตสาหกรรมเคมีชีวภาพในประเทศไทย (Potential and Trend of Bioenergy ...",https://www.youtube.com/watch?v=E-kA_VPwq08
ศักยภาพและอนาคต ของอุตสาหกรรมพลังงาน และอุตสาหกรรมเคมีชีวภาพในประเทศไทย (7/8),"การสัมมนาเรื่อง ""ศักยภาพและอนาคตของอุตสาหกรรมพลังงานและอุตสาหกรรมเคมีชีวภาพในประเทศไทย (Potential and Trend of Bioenergy ...",https://www.youtube.com/watch?v=X4oRYYkxkWc
TSE ผู้นำในภูมิภาคด้านพลังงานหมุนเวียน - Money Chat Thailand!,TSE ผู้นำในภูมิภาคด้านพลังงานหมุนเวียน - Money Chat Thailand! สามารถติดตามข่าวสารจาก Money Chat จากช่องทางต่าง ๆ ดังนี้ ...,https://www.youtube.com/watch?v=fxqb-pblPfA
Biomass Pellet Stove,Eco friendly 50% cost savings against LPG.,https://www.youtube.com/watch?v=Dri-LOj-Tq0
Full EP. เจาะลึกระบบกักเก็บพลังงาน Energy Storage,"ติดตามรายการ "" ของมันต้องดู"" รายการที่จะเปิดมุมมองด้านเทคโนโลยีและนวัตกรรมเพื่อเพิ่มขีดความสามารถทางธุรกิจและดูแลคุณภาพชีวิตของทุก ๆ ...",https://www.youtube.com/watch?v=yp3JZHXqgl0
Battery Energy Storage Systems (BESS),Uncover the power of Battery Energy Storage Systems (BESS) in our latest video! Learn how BESS technology captures and ...,https://www.youtube.com/watch?v=zXV1Vy_XECY
What Are Battery energy storage systems (BESS),Do you want to know what Battery Energy Storage Systems are and what they can do for you? Then watch this video!,https://www.youtube.com/watch?v=I2iTnzU3ptM
Thailand Net Zero Energy,Thailand Net Zero Energy #EPPONetzero.,https://www.youtube.com/watch?v=RCaKOXn94hw
"Hybrid Solar Thailand 2024: Complete Guide to Battery Storage Systems | Costs, ROI &amp; Installation","Considering a Hybrid Solar System in Thailand with battery storage? Get the COMPLETE guide on 2025 costs, real-world ROI, ...",https://www.youtube.com/watch?v=Mok2dQ4me-g
Solis Insights -Thailand,The great success of Solis at the concluded #Thailand exhibition #RenewableEnergyAsia heralds a new chapter for Solis in the ...,https://www.youtube.com/watch?v=IB99to2rEEE
Thailand&#39;s Green Power Revolution for Data Centers!,,https://www.youtube.com/watch?v=3DNCKvQacIo
Delta Energy Storage System for Grid Ancillary Service,"energystorage, #renewableenergy #powermanagement Delta provides energy storage solutions with one-stop manufacturing, ...",https://www.youtube.com/watch?v=UsS9BPSM9Mo
Thailand Solar Energy Storage System from EyeKandi Solar,Thailands Solar Storage Solutions provided and installed by experts at Eyekandi Solar.,https://www.youtube.com/watch?v=-baW04KSMLw
Water System Explained off grid in Thailand,This video is to show the complete water system on the well to the house and it`s functions.,https://www.youtube.com/watch?v=rPMliKW7NKI
Deye 6kw hybrid solar system combination #deye #deyeinverter #hybridinverter#lifepo4battery,Beginner-Friendly Guide: 6kW DEYE Energy Storage System Setup 12 x 580W Panels + 6kW Low-Voltage Hybrid Inverter + ...,https://www.youtube.com/watch?v=ztUW-1UApx4
"Energy Storage in Rayong, Thailand : Battery Installation - 1.5MWh!","Energy Storage in Rayong, Thailand : Battery Installation - 1.5MWh! Done by ITL Engineering in December 2019.",https://www.youtube.com/watch?v=EduYS25tD00
Stackable lithium battery from 5kwh - 30kwh #lithiumbattery #solarsystem #offgridsolar,,https://www.youtube.com/watch?v=CLpiw2gNTSM
Energy transition and sustainability in Thailand,Energy transition and sustainability in Thailand: opportunities for the French companies.,https://www.youtube.com/watch?v=N_LUQr8l2HM
Solar plus battery storage: How hybrid systems work,"This video explains the hybrid solar system, in which rooftop solar panels are connected to both a solar battery and the electric ...",https://www.youtube.com/watch?v=9vM2JwrIWOU
Delta&#39;s High-tech Encyclopedia-Optimizing Energy Use with Energy Storage,Delta's High-tech Encyclopedia-Optimizing Energy Use with Energy Storage With state-of-the-art power conversion and energy ...,https://www.youtube.com/watch?v=MKT7eWXpB8c
This device generates solar and wind energy simultaneously!,Did you know that combining solar and wind energy in one device can increase energy efficiency by up to 50%? The SkiWolf ...,https://www.youtube.com/watch?v=PmsC1jA0Um0
How Many Solar Panels to Entirely Run an Water Pump?  (With/Without Batteries),Are you thinking about using solar power to run a water pump—but don't know how many panels you need or whether batteries ...,https://www.youtube.com/watch?v=UA9c3e5YwO8
GoodWe Thailand Solar Energy Storage Seminar,Event Schedule: 17th June 2022 from 14:00 (GMT+7) Introducing: These years GoodWe is committed to #ESS research and ...,https://www.youtube.com/watch?v=4_PXLSpYs34
Tesla Powerwall 3 energy ecosystem concept #tesla #powerwall #sustainableliving,,https://www.youtube.com/watch?v=7uX8nbF5V4g
Seminar “Thailand Readiness for Energy Storage Systems”,,https://www.youtube.com/watch?v=p5oZoBfWPqg
Bangkok Solar PV &amp; Energy Storage Expo – Thailand’s Leading Solar &amp; Power Innovation Event,"Visit the event page here: www.ilikevents.com/event/12484 . Join the Bangkok Solar PV & Energy Storage Expo, a key event in ...",https://www.youtube.com/watch?v=aHrXtH00X4s
"how to install a home solar energy storage system, Complete installation,ECO WORTHY",Get 5% OFF your first order at Unikeyic: https://www.unikeyic.com/?utm_source=inventorKR (up to $500). Unikeyic is a leading ...,https://www.youtube.com/watch?v=iMDb5wL7QU8
How much for a 10kw solar system #solarsystem #offgridsolar #solarpanel #solarenergy,,https://www.youtube.com/watch?v=SSi92zmAPH8
Thailand Revs Up For An Electric Future With BYD And Electric Tuk-Tuks | CNA Correspondent,Thailand has made a name for itself as the production base in the region for the world's top automakers. Now that the industry is ...,https://www.youtube.com/watch?v=Q07R21FYZU4
Chinese EVs are taking Thailand by storm!,"Chinese EVs are taking Thailand by storm! From January to July 2024, BYD captured an impressive 40% of the market, with the ...",https://www.youtube.com/watch?v=qxmk38hOz88
First Ev bike drag show in malaysia #evbike #dragrace,,https://www.youtube.com/watch?v=kakt6oks4jQ
China&#39;s BYD opens electric vehicle factory in Thailand,"Chinese automaker BYD has opened its first electric vehicle plant in Thailand, as part of the company's push to expand its reach ...",https://www.youtube.com/watch?v=9nW7RH0OrUw
lion sks z2 EV bike #viral #fyp #msa #malaysia #indonesia #india #thailand #sagasonic #tiktok #top,,https://www.youtube.com/watch?v=yKn6RIdelME
scooter lion ev | from Thailand #scooter #ev #RNM #evbike,,https://www.youtube.com/watch?v=6Q2_OvnCqLc
BYD tang EV 2025,,https://www.youtube.com/watch?v=Hdxf-9rORQc
Premium Electric cars BYD Seal 600km range #byd #sedan #seal #ev #electriccar,,https://www.youtube.com/watch?v=78eiFcoZ_gw
"Geely has launched the Panda Mini EV, an electric car designed to compete with the Wuling Mini EV.","The total sales volume has surpassed 1.1 million units since its official launch, targeting customers in large cities. The front design ...",https://www.youtube.com/watch?v=P7bm9iVINCY
"&quot;Special-shaped three-wheeled vehicle, passenger and cargo dual-purpose model&quot;#electricvehicle",,https://www.youtube.com/watch?v=a0nt3r_S3ls
Tesla vs BYD in 2025. BYD Become Largest EV Maker #tesla #byd #automobile,,https://www.youtube.com/watch?v=eBO6nrBVJL4
AVATR 11 เปิดตัวในไทยแล้ว เพื่อนๆคิดว่า ตลาดแตกไหมครับ? #AVATR11 #AVATR #ev #evcar #evcarsthailand,,https://www.youtube.com/watch?v=7whcUR2BGTc
Toyota&#39;s First Electric Car | Toyota BZ4X  #startup,Like share and subscribe Follow me on Instagram.,https://www.youtube.com/watch?v=cn7Qqt-MYzA
This electric car from china is better than tesla,This is the reason why china electric cars are better than tesla. #shorts #viral #facts #unique #interestingfacts.,https://www.youtube.com/watch?v=aQOtlXuctWM
EVs are Taking Over The Rise of Electric Vehicles in Thailand,,https://www.youtube.com/watch?v=tleOTmD2_tE
พาชมคันจริง iCar V23 เปิดตัวไทยสิงหาคมนี้!! #รถไฟฟ้า #รถยนต์ไฟฟ้า #EVCarsThailand #evcar #icar,,https://www.youtube.com/watch?v=B44SLbIs8G0
EV Lion Stage 3 Made From Thailand,,https://www.youtube.com/watch?v=TDjiQNx5I0k
Charging MG4 using the Anker powerhouse 767,Today I'm charging my electric MG4 using @AnkerOfficial powerhouse 767 This Anker power Station has 2048Wh capacity.,https://www.youtube.com/watch?v=B6oJMZDEhbs
BYD: &quot;This New Engine Will DESTROY The Entire EV Industry this 2025!,"BYD: ""This New Engine Will DESTROY The Entire EV Industry this 2025! BYD is about to unveil something that could completely ...",https://www.youtube.com/watch?v=HWvHTkldNY8
Toyota Electric car  #shorts #pattaya #thailand #toyotaev #toyota,,https://www.youtube.com/watch?v=bdXsbi-VJlw
BYD Seal at Thailand Motor Expo 2022 in Bangkok,"The BYD Seal is a battery electric compact executive, fastback sedan produced by BYD Auto. It is the second product of the ...",https://www.youtube.com/watch?v=DMXACIjxXWw
Finding EV Chargers in Bangkok | Electric Car Travel Tips 🚗⚡ #travel #evcharging #evcar,Finding EV Chargers in Bangkok | Electric Car Travel Tips ⚡ ⚡ EV Chargers in Bangkok – A Quick Guide for Electric Car ...,https://www.youtube.com/watch?v=B7V7m8MVCWU
New Chinese Electric Cars Are INSANE - Joe Rogan 😲,Joe Rogan Experience #2326- Jimmy Carr #joerogan #car #electricvehicle.,https://www.youtube.com/watch?v=hvhrn1qDGJ4
Thailand Times: Thailand in the Race for EV Mass Adoption,Thailand aims to cut emissions from the energy and transport sectors by 7%-20% against a business-as-usual scenario as part of ...,https://www.youtube.com/watch?v=6k48VpAS_uM
"Finally, she sat in the BYD U9😳😳#dreamcar #electriccar #lamborghini",,https://www.youtube.com/watch?v=RYXK3faOcCs
"Green Building in Thailand&#39;s Commercial and Residential Markets | Worawat Srisa-an, Univentures",Worawat Srisa-an shares the current overview of Thailand's commercial and residential markets as well as how both are ...,https://www.youtube.com/watch?v=2jfpxXHlTjo
Tour of 10 Thailand green houses.,"When I was talking about building a green house this is what I had in mind, not sure it would fix all my problems but it should help ...",https://www.youtube.com/watch?v=frbJaMxupZA
&quot;Discover the Beauty and Sustainability of Rammed Earth Walls&quot;  #sustainability #short #ecofriendly,"""Discover the Beauty and Sustainability of Rammed Earth Walls"" #sustainability #short #ecofriendly #construction.",https://www.youtube.com/watch?v=PIOrXFyeQH8
Thailand&#39;s Green Buildings | Exclusive Breakfast Meeting | www.asiagreenbuildings.com,AsiaGreenBuildings.com hosted an exclusive breakfast meeting in Bangkok to explore the current state of Thailand's green ...,https://www.youtube.com/watch?v=dggTuAuZhkg
"A Closer Look at Thailand&#39;s Green Building Growth | Mickael Feige, Solidiance",Mickael Feige shares with us the current overview of green building sector in Thailand and how it shapes up amidst the existing ...,https://www.youtube.com/watch?v=IEdEBEi87K4
Video: Port Authority of Thailand: Greening Our Way Forward Towards a Sustainable Port,Event: Social License to Operate: Balancing Stakeholder Expectations and Operational Needs Port Authority of Thailand: ...,https://www.youtube.com/watch?v=DkCf6DyBgbI
"Delta Thailand, A Model of the Green Building and Energy Efficiency","Delta, a model in the Green Building and Energy Efficiency At Delta Electronics (Thailand) PCL., we mainly manufacture ...",https://www.youtube.com/watch?v=rVsUgMeaXFg
"Thailand&#39;s Green Building Trends | Dr. Atch Sreshthaputra, Thai Green Building Institute",Dr. Atch Sreshthaputra shares his insight on the current market trends in Thailand's green building industry. A significant increase ...,https://www.youtube.com/watch?v=f7jSeEEuGqc
𝐓𝐡𝐚𝐢𝐥𝐚𝐧𝐝&#39;𝐬 𝐍𝐨.𝟏 𝐆𝐫𝐞𝐞𝐧 𝐁𝐮𝐢𝐥𝐝𝐢𝐧𝐠 𝐂𝐨𝐦𝐩𝐚𝐧𝐲 - 𝐙𝐢𝐥𝐥𝐢𝐨𝐧 𝐈𝐧𝐧𝐨𝐯𝐚𝐭𝐢𝐨𝐧 | 𝐂𝐮𝐬𝐭𝐨𝐦𝐞𝐫 𝐒𝐮𝐜𝐜𝐞𝐬𝐬 𝐒𝐭𝐨𝐫𝐢𝐞𝐬 𝐰𝐢𝐭𝐡 𝐄𝐥𝐦𝐢𝐜𝐡,Elmich's global network of partners across 30 different countries is a testimonial of trust and confidence that our partners have ...,https://www.youtube.com/watch?v=GSjSBxvOO2k
GREEN #buildings #buildingsbangkok #buildingskhlongtoei #thailand #green #bangkokbynight #nightlife,,https://www.youtube.com/watch?v=NY20RBHYAcQ
Southeast Asia&#39;s BIPV industry upgrade unlocks new opportunities for green buildings,"The mandatory BIPV installation clause in Thailand's building regulations is about to be implemented. Forbes Asia's ""30 Under ...",https://www.youtube.com/watch?v=54n2HhXkRgM
How Can We Design Better Streets?,How can we improve our streets? Find out more in this video: https://youtu.be/9H2ReVurawI #urbandesign #urbanism ...,https://www.youtube.com/watch?v=od-j3T1DFs0
A strong and sustainable building will look like this.thailand🇹🇭 #travel #ihavethisthingwithplants #,"In the heart of the capital city of Bangkok, Thailand.",https://www.youtube.com/watch?v=uZVSp1o3cDc
Technisoft Green Building Services in Thailand - Armelle Le Bihan,,https://www.youtube.com/watch?v=nzpV2gZtjT8
Thailand: Construction Material &amp; Solution,"Discover Thailand's capability of being a world leader in construction material manufactures, Green and Environmental friendly ...",https://www.youtube.com/watch?v=q9XT0j2E6Vg
Green buildings and Sustainability in Thailand and Asia | Interview with Armelle Le Bihan,"ThaiLawForum met with Bangkok-based green consultant and engineer Armelle Le Bihan, who sheds light on the green building ...",https://www.youtube.com/watch?v=ooL6hv-skEY
10 Eco-Friendly and Sustainable Houses | Green Building Design,We visit 10 eco homes to see how green building design is being using in a variety of ways. From Passivhaus buildings to ...,https://www.youtube.com/watch?v=K5IGqQmc-90
Eco-Friendly Prefab Home with Green Roof! 🌿🏡 | Sustainable Living Tour,Eco-Friendly Prefab Home with Green Roof! | Sustainable Living Tour Your Queries Eco-friendly prefab home Green roof ...,https://www.youtube.com/watch?v=J2Dx8628qVU
Thailand development in Bangkok that combines intergenerational residences with lush green spaces.,"I am always fascinated by local developments with unique structures and styles, but I'm even more impressed by beautiful projects ...",https://www.youtube.com/watch?v=1hik0roOPko
High-Rise: A Sustainable Façade Design - Construction Animation | Sustainable Building Architecture,High-Rise: A Sustainable Façade Design - Construction Animation #highrise #highlights #highrisebuildings Hit like and ...,https://www.youtube.com/watch?v=WrnSaZ0m9-s
World Environment Day 2017 Bangkok Green Building,,https://www.youtube.com/watch?v=8MShKzjAn6M
Building Under Construction Collapses as Powerful Earthquake Shakes Thailand,"A 34-story building collapsed in Bangkok on Friday, March 28, after a powerful 7.7-magnitude earthquake struck neighboring ...",https://www.youtube.com/watch?v=PfY32lSdXkM
EGS Sustainable Buildings: Tantraphan-New Office in Chiang Mai (TREES Platinum),Tantraphan Building is an office building which has 4 stories and one basement with a gross floor area of 4300 sqm. It is located ...,https://www.youtube.com/watch?v=4qDENEmn1UI
ยกระดับอาคาร Green Building: กรณีศึกษาจาก CBRE Thailand Office | CBRE Thailand Podcast EP.3,อยากรู้ว่าการเป็นอาคารเขียวจะช่วยให้องค์กรของคุณเติบโต ลดค่าใช้จ่าย เพิ่มประสิทธิภาพการทำงาน ...,https://www.youtube.com/watch?v=o51nxN1I-ds
Transforming Thailand: The Vision Behind Thai Hemp Sustainable Industry,"Welcome to Thai Hemp Sustainable Industry! In this video, we dive into the origins of our journey, our mission to revolutionize the ...",https://www.youtube.com/watch?v=mIsbF0chLdk
&quot;ERC Forum 2023&quot; Session 3.1: Energy policy and regulation of energy transition in Thailand,"Delve into the intricacies of energy regulation and public-private collaboration. Esteemed speakers from OERC, EPPO, BGRIMM, ...",https://www.youtube.com/watch?v=hA1mBKpi5Tk
Renewable Energy and Institutional Governance in Thailand with Suphakit Nuntavorakarn,"We sat and talked with Suphakit Nuntavorakarn, Researcher for The Healthy Public Policy Foundation on Renewable Energy and ...",https://www.youtube.com/watch?v=-DUvmh14Zcs
Thailand’s New Energy Export Policy is Here! #ternenergy #solar #sustainablesolutions #beauty,"Thailand's New Energy Export Policy is Here! Tax incentives, financing support, and market expansion to boost solar and wind ...",https://www.youtube.com/watch?v=ny8CTW1lN8w
Energy Transition Thailand,Energy Regulatory Commission of Thailand convenes its annual academic conference to discuss and debate energy policy and ...,https://www.youtube.com/watch?v=3gXoVRccliI
"Lab at JTFA 2025 | Power, Money &amp; Justice: Thailand’s Climate and Energy Policies","The shift to clean energy isn't just about climate targets or new technology. It's about power, money and justice. Join our lab at ...",https://www.youtube.com/watch?v=PnW3K79Sa3E
Thailand&#39;s Solar Energy Policy: Why Net Metering is Essential,Discover why Thailand's solar energy policy needs a boost with net metering to empower consumers. Learn how the current draft ...,https://www.youtube.com/watch?v=9Zou8gWwz6I
"We invest in 10 countries but prioritize our government&#39;s policy, Thai energy company says","Somruedee Chaimongkol, CEO of Banpu, discusses the Thai government's ""bio-circular-green"" model.",https://www.youtube.com/watch?v=70dRgOTaQCs
How market reforms can drive renewable energy growth in Southeast Asia,Dont't miss out on our future events. Suscribe to our Newsletter: https://www.agora-energiewende.org/contact/newsletter ...,https://www.youtube.com/watch?v=Uc9vtJ7HXr8
Thai Renewable Energy,"Thai Renewable Energy facilitated information about Renewable Energy Policies, scenario from different sectors, knowledge ...",https://www.youtube.com/watch?v=JRbengNPKGY
Solar Floating: Clean energy on water for Thailand&#39;s sustainable future,"Under the “Quick Big Win” policy by Thailand's Ministry of Energy, EGAT is leading the transition toward a cleaner, greener future.",https://www.youtube.com/watch?v=9Kgpg2Vgrf0
Understanding Basics of the Power Market,"Get an overview of the North American energy markets including how the power grid works, and managing supply and demand.",https://www.youtube.com/watch?v=dYvEG3uQzsQ
Thailand Net Zero Pathway,"Explore Thailand's ambitious journey toward achieving net-zero emissions by 2065, driven by strategic climate policies, ...",https://www.youtube.com/watch?v=_h39YemUiaM
ERC Forum 2024: Thailand Highlights – Energy Policy and Regulation to Mobilize Energy Transition,Highlights of the ERC Forum 2024 and Presentation Handouts go to www.erc.or.th/th “Sustainable Clean Energy to shape a better ...,https://www.youtube.com/watch?v=-DIIaNexqDM
"SG IRENA S2: Dr Prasert Sinsukprasert, Director-General of the DAEDE, Ministry of Energy, Thailand",,https://www.youtube.com/watch?v=j4plEuwjRJ0
Energy Transition Series - Thailand 2025 &amp; Beyond,"We are diving into Thailand's energy transition vision, strategy, roadmap and implementation in 2025 and beyond.",https://www.youtube.com/watch?v=UJpr0T7nlA8
Thailand-Spain Partnership towards Green Energy (13 July 2021),Business Seminar to promote economic partnership and R&D cooperation between Thailand and Spain.,https://www.youtube.com/watch?v=Wo9WP2z4Wwo
Climate of Change: The Struggle for Renewable Energy in Southeast Asia,"Panel discussion in Berlin, November 8, 2017 With: - Nguy Thi Khanh, GreenID, Vietnam - Suphakit Nuntavorakarn, Healthy ...",https://www.youtube.com/watch?v=RaxtArYra1c
Insights into Sustainability in Thailand!,,https://www.youtube.com/watch?v=ZyPH-tFPEOw
The Wave : Business leader urges upskilling of labour and use of renewable energy,The Wave : Business leader urges upskilling of labour and use of renewable energy This Week with Thai PBS World 9th February ...,https://www.youtube.com/watch?v=A_fnRT34-Rc
Advanced Geothermal Energy Potential and Technology in Thailand,"Advanced Geothermal Energy Potential and Technology in Thailand Abstract The National Energy Plan (NEP) 2024, Ministry of ...",https://www.youtube.com/watch?v=No7sIoP8bEI
